{"cameraMode":{"drawMode":0,"name":"Shaded","section":"Shading Mode"},"sceneLighting":false,"audioPlay":false,"sceneViewState":{"showFog":true,"showMaterialUpdate":false,"showSkybox":false,"showFlares":true,"showImageEffects":true,"showParticleSystems":true},"in2DMode":false,"pivot":{"x":-3.1276133060455324,"y":1.3133385181427003,"z":4.169375896453857},"rotation":{"x":-0.08815062791109085,"y":-0.7005833983421326,"z":0.08790736645460129,"w":-0.7026845216751099},"size":2.8324670791625978,"orthographic":false}