{"cameraMode":{"drawMode":0,"name":"Shaded","section":"Shading Mode"},"sceneLighting":false,"audioPlay":false,"sceneViewState":{"showFog":true,"showMaterialUpdate":false,"showSkybox":false,"showFlares":true,"showImageEffects":true,"showParticleSystems":true},"in2DMode":false,"pivot":{"x":0.6029102802276611,"y":2.3979146480560304,"z":-7.096528053283691},"rotation":{"x":0.2920553386211395,"y":0.0988435223698616,"z":-0.029755843803286554,"w":0.9509983062744141},"size":0.31788790225982668,"orthographic":false}