{"cameraMode":{"drawMode":0,"name":"Shaded","section":"Shading Mode"},"sceneLighting":false,"audioPlay":false,"sceneViewState":{"showFog":true,"showMaterialUpdate":false,"showSkybox":false,"showFlares":true,"showImageEffects":true,"showParticleSystems":true},"in2DMode":false,"pivot":{"x":-0.34160566329956057,"y":-0.06498810648918152,"z":0.04940366744995117},"rotation":{"x":0.016858546063303949,"y":-0.47730889916419985,"z":0.011723016388714314,"w":0.8788971304893494},"size":1.3348854780197144,"orthographic":false}